geometry,address
POINT (-122.486084 48.713536),"24th Street, 98225, Bellingham, Washington, United States"
POINT EMPTY,
POINT (-122.9105692 46.1441023),"Oak Street, 98626, Kelso, Washington, United States"
POINT (-122.9395338 46.1404649),"Olympia Way, 98632, Longview, Washington, United States"
POINT (-122.8948155 46.1281161),"Grade Street, 98626, Kelso, Washington, United States"
POINT (-123.3845218 46.2048183),"Una Avenue, 98612, Cathlamet, Washington, United States"
POINT (-122.7479922 45.9111405),"Lewis River Dental, Columbia Street, 98674, Columbia Street, Woodland, Washington, United States"
POINT (-122.924601 46.49024),"Cedar Crest Drive, 98596, Winlock, Washington, United States"
POINT EMPTY,
POINT EMPTY,
POINT EMPTY,
POINT (-122.71913381362175 46.5753788),"Thomas J. Kinsman Veterans Memorial Park, State Route 508, 98570, State Route 508, Onalaska, WA, United States"
POINT (-123.2976327 46.5692175),"Main Street, 98522, Pe Ell, Washington, United States"
POINT (-123.7360062 46.6817221),"Ocean Avenue, 98577, Raymond, Washington, United States"
POINT (-122.834978 46.432803),"Toledo Salmon Creek Road, 98591, Washington, United States"
POINT EMPTY,
POINT (-122.9719044 46.7241696),"Harrison Avenue, 98531, Centralia, Washington, United States"
POINT (-122.844503 46.859363),"East Sussex Avenue, 98589, Tenino, Washington, United States"
POINT (-122.64217 45.639333),"2502, Grand Boulevard, 98661, Grand Boulevard, Vancouver, WA, United States"
POINT (-122.55347192199017 45.7791598),"VCA Battle Ground Animal Hospital, 118, Southwest 15th Avenue, 98604, Southwest 15th Avenue, Battle Ground, Washington, United States"
POINT (-122.9122453 46.1451245),"Allen Street, 98626, Kelso, Washington, United States"
POINT (-122.6313696 45.6379707),"3713, Rossiter Place, 98661, Rossiter Place, Vancouver, WA, United States"
POINT (-122.6136231 45.6286709),"East Mill Plain Boulevard, 98661, Vancouver, Washington, United States"
POINT (-122.6349346 45.6423059),"Neals Lane, 98661, Vancouver, Washington, United States"
POINT (-122.59467631196046 45.624500999999995),"7410, Delaware Lane, 98664, Delaware Lane, Vancouver, WA, United States"
POINT (-122.5083336407767 45.619772),"213, Southeast 159th Avenue, 98684, Southeast 159th Avenue, Vancouver, WA, United States"
POINT (-122.6349346 45.6423059),"Neals Lane, 98661, Vancouver, Washington, United States"
POINT (-122.6423238 45.6365162),"Vancouver Navigation Center, 2018, Grand Boulevard, 98661, Grand Boulevard, Vancouver, WA, United States"
POINT (-77.03485796120492 38.906939),"Embassy of Tunisia, 1515, Massachusetts Avenue Northwest, 20005, Massachusetts Avenue Northwest, Washington, District of Columbia, United States"
POINT (-119.9024542 46.7377893),"Government Road, 99349, Mattawa, Washington, United States"
POINT (-120.28231580662275 47.4191905),"CVCH East Wenatchee Medical, 900, Eastmont Avenue, 98802, Eastmont Avenue, East Wenatchee, WA, United States"
POINT (-120.28231580662275 47.4191905),"CVCH East Wenatchee Medical, 900, Eastmont Avenue, 98802, Eastmont Avenue, East Wenatchee, WA, United States"
POINT (-120.29104202498462 47.427204450000005),"1455, North Baker Avenue, 98802, North Baker Avenue, East Wenatchee, WA, United States"
POINT (-120.2692675 47.4184144),"North James Avenue, 98802, East Wenatchee, Washington, United States"
POINT (-120.5408821 46.6034879),"West Lincoln Avenue, 98902, Yakima, Washington, United States"
POINT (-120.7599671 46.7045927),"Wisconsin Avenue, 98947, Tieton, Washington, United States"
POINT (-119.5034632 48.4228603),"Koala Drive, 98841, Omak, Washington, United States"
POINT (-119.7898907 48.0981718),"West Indian Avenue, 98812, Brewster, Washington, United States"
POINT (-119.7796447 48.1002293),"Jay Avenue East, 98812, Brewster, Washington, United States"
POINT (-119.6654214 48.0041434),"Columbia Avenue, 98813, Bridgeport, Washington, United States"
POINT (-119.4366703 48.9301557),"Main Street, 98844, Oroville, Washington, United States"
POINT (-119.4379083 48.7069896),"Family Health Centers Medical Clinic, 106, South Whitcomb Avenue, 98855, South Whitcomb Avenue, Tonasket, WA, United States"
POINT (-119.5034632 48.4228603),"Koala Drive, 98841, Omak, Washington, United States"
POINT (-119.9024542 46.7377893),"Government Road, 99349, Mattawa, Washington, United States"
POINT (-119.905153 46.7391982),"North Williams Avenue, 99349, Mattawa, Washington, United States"
POINT EMPTY,
POINT (-119.278077 47.1301417),"Moses Lake, 98837, Washington, United States"
POINT EMPTY,
POINT (-119.07565263398745 46.230297750000005),"515, South Wehe Avenue, 99301, South Wehe Avenue, Pasco, WA, United States"
POINT (-119.07565263398745 46.230297750000005),"515, South Wehe Avenue, 99301, South Wehe Avenue, Pasco, WA, United States"
POINT (-119.1275396 46.2072574),"West Vineyard Drive, 99336, Kennewick, Washington, United States"
POINT (-119.1884327 46.2117751),"Wavelengths, 5009 ste h, West Clearwater Avenue, 99336, West Clearwater Avenue, Kennewick, WA, United States"
POINT (-119.1884327 46.2117751),"Wavelengths, 5009 ste h, West Clearwater Avenue, 99336, West Clearwater Avenue, Kennewick, WA, United States"
POINT (-119.1185117 46.199949),"South Auburn Street, 99337, Kennewick, Washington, United States"
POINT (-119.09722046687108 46.2306537),"715, West Clark Street, 99301, West Clark Street, Pasco, WA, United States"
POINT (-119.07565263398745 46.230297750000005),"515, South Wehe Avenue, 99301, South Wehe Avenue, Pasco, WA, United States"
POINT (-119.0713936595731 46.2468582),"Ellen Ochoa Middle School, 1801, East Sheppard Street, 99301, East Sheppard Street, Pasco, WA, United States"
POINT (-119.2830249 46.2669955),"Goethals Drive, 99352, Richland, Washington, United States"
POINT (-119.2830249 46.2669955),"Goethals Drive, 99352, Richland, Washington, United States"
POINT EMPTY,
POINT (-120.1942928 46.3380301),"Main Street, 98932, Granger, Washington, United States"
POINT EMPTY,
POINT (-120.1942928 46.3380301),"Main Street, 98932, Granger, Washington, United States"
POINT (-120.5331025 46.6098139),"North 18th Avenue, 98902, Yakima, Washington, United States"
POINT (-120.5258158 46.6116778),"North 10th Avenue, 98902, Yakima, Washington, United States"
POINT (-120.1942928 46.3380301),"Main Street, 98932, Granger, Washington, United States"
POINT (-120.502556 46.6086324),"North Naches Avenue, 98901, Yakima, Washington, United States"
POINT (-120.4931331 46.5777996),"East Mead Avenue, 98903, Yakima, Washington, United States"
POINT (-120.560655 46.6107384),"Kern Way, 98902, Yakima, Washington, United States"
POINT (-119.2340222 46.2132004),"Deschutes Place, 99338, Kennewick, Washington, United States"
POINT (-120.0023901 46.3164642),"East Lincoln Avenue, 98944, Sunnyside, Washington, United States"
POINT (-119.1742632 46.2059159),"South Quillan Place, 99336, Kennewick, Washington, United States"
POINT (-120.1913334 46.3449185),"Sunnyside Avenue, 98932, Granger, Washington, United States"
POINT (-119.9867017 46.3193966),"Yakima Valley Community College - Sunnyside Adult Basic Education, Yakima Valley Highway, 98944, Yakima Valley Highway, Sunnyside, WA, United States"
POINT (-120.5408821 46.6034879),"West Lincoln Avenue, 98902, Yakima, Washington, United States"
POINT (-119.148686 46.243375),"Road 44, 99301, Pasco, Washington, United States"
POINT (-119.1886592 46.2243124),"West Rio Grande Avenue, 99336, Kennewick, Washington, United States"
POINT (-119.9023014 46.2472591),"Division Street, 98930, Grandview, Washington, United States"
POINT (-119.7691645 46.2120975),"10th Street, 99350, Prosser, Washington, United States"
POINT (-120.6015885 46.6002559),"Summitview Avenue, 98908, Yakima, Washington, United States"
POINT EMPTY,
POINT EMPTY,
POINT (-119.9209687 46.2633998),"Wallace Way, 98930, Grandview, Washington, United States"
POINT EMPTY,
POINT EMPTY,
POINT EMPTY,
POINT (-120.49397253329947 46.5842599),"Yakima Valley Farm Workers Clinic, 602, East Nob Hill Boulevard, 98901, East Nob Hill Boulevard, Yakima, WA, United States"
POINT (-118.8626514937717 46.6496695),"Connell Clinic, 1051, South Columbia Avenue, 99326, South Columbia Avenue, Connell, WA, United States"
POINT (-117.26701074048034 47.65969165),"223, North Felts Road, 99206, North Felts Road, Spokane Valley, WA, United States"
POINT (-117.4081406274256 47.7071923),"107, East Sanson Avenue, 99207, East Sanson Avenue, Spokane, Washington, United States"
POINT (-117.4059085 47.7133094),"East Dalke Avenue, 99207, Spokane, Washington, United States"
POINT (-117.4086575 47.6499265),"East Hartson Avenue, 99202, Spokane, Washington, United States"
POINT (-117.43576138948903 47.693834800000005),"CHAS, 3919, North Maple Street, 99205, North Maple Street, Spokane, WA, United States"
POINT (-117.26644615000001 47.6639506),"Broadway Mini Market, North Felts Road, 99206, North Felts Road, Spokane Valley, WA, United States"
POINT (-117.42589430000001 47.67971895),"CHAS North Central Pharmacy, 914, West Carlisle Avenue, 99205, West Carlisle Avenue, Spokane, WA, United States"
POINT (-117.4768479 47.9543679),"Deer Park, 99006, Washington, United States"
POINT (-117.3899905 47.6463916),"South Perry District, 99202, Spokane, Washington, United States"
POINT EMPTY,
POINT (-117.41764922320291 47.658841699999996),"126, North Washington Street, 99201, North Washington Street, Spokane, Washington, United States"
POINT (-117.2205623081228 47.6708395),"1502, North Mamer Road, 99216, North Mamer Road, Spokane Valley, WA, United States"
POINT (-117.2832521 47.675542),"East Indiana Avenue, 99212, Spokane Valley, Washington, United States"
POINT EMPTY,
POINT (-118.68593 48.0085562),"State Highway 21, 99140, Keller, Washington, United States"
POINT (-117.4332305 47.6708343),"West Maxwell Avenue, 99201, Spokane, Washington, United States"
POINT (-117.7126053 48.2772897),"East Clay Avenue, 99109, Chewelah, Washington, United States"
POINT EMPTY,
POINT EMPTY,
POINT (-117.5466863 47.7767798),"Nine Mile Falls, 99026, Washington, United States"
POINT (-117.5466863 47.7767798),"Nine Mile Falls, 99026, Washington, United States"
POINT EMPTY,
POINT (-117.7744599 48.9208191),"Summitt, 99157, Northport, Washington, United States"
POINT EMPTY,
POINT (-117.7407111 48.0596404),"North Main Street, 99173, Springdale, Washington, United States"
POINT EMPTY,
POINT (-118.339345 46.0667277),"Walla Walla, 99362, Washington, United States"
POINT (-117.4140192 47.6721237),"Unify Community Health, 120, West Mission Avenue, 99258, West Mission Avenue, Spokane, WA, United States"
POINT (-117.37473829999999 47.6946574),"Spokane Head Start, 4001, North Cook Street, 99207, North Cook Street, Spokane, WA, United States"
POINT (-117.4426478 47.6839489),"North Belt Street, 99205, Spokane, Washington, United States"
POINT EMPTY,
POINT (-122.44428197302216 47.2439222),"1910, South G Street, 98402, South G Street, Tacoma, WA, United States"
POINT (-122.4499293 47.2441117),"Martin Luther King Jr Way, 98405, Tacoma, Washington, United States"
POINT (-122.4833001 47.255082),"Farrelli's Pizza - Tacoma, 3518, 6th Avenue, 98406, 6th Avenue, Tacoma, WA, United States"
POINT (-123.430741 48.118146),"Port Angeles, 98362, Washington, United States"
POINT (-122.65295626543889 47.63708165),"Fairview Junior High School, 8107, Central Valley Road Northwest, 98311, Central Valley Road Northwest, Bremerton, WA, United States"
POINT EMPTY,
POINT EMPTY,
POINT EMPTY,
POINT (-122.6295948 47.5209144),"East Port Orchard, 98366, Port Orchard, Washington, United States"
POINT EMPTY,
POINT EMPTY,
POINT EMPTY,
POINT (-122.6295847 47.5978732),"East Bremerton, 98310, Bremerton, Washington, United States"
POINT EMPTY,
POINT (-122.6312774 47.58741),"Clare Avenue, 98310, Bremerton, Washington, United States"
POINT EMPTY,
POINT EMPTY,
POINT EMPTY,
POINT EMPTY,
POINT (-122.8265391 47.45226),"Belfair, 98528, Washington, United States"
POINT (-122.6136532 47.582493),"Perry Avenue, 98310, Bremerton, Washington, United States"
POINT EMPTY,
POINT (-122.66371048692109 47.626833149999996),"Olympic High School, 7077, Stampede Boulevard Northwest, 98311, Stampede Boulevard Northwest, Bremerton, Washington, United States"
POINT EMPTY,
POINT (-122.6295948 47.5209144),"East Port Orchard, 98366, Port Orchard, Washington, United States"
POINT EMPTY,
POINT (-122.616138 47.543612),"East 1st Street, 98366, Washington, United States"
POINT EMPTY,
POINT (-122.6291799 47.6020286),"Wheaton Way, 98310, Bremerton, Washington, United States"
POINT EMPTY,
POINT (-123.41009292716096 47.00308485),"Elma Junior High School, West Main Street, 98541, West Main Street, Elma, Washington, United States"
POINT (-122.5878659 47.3259697),"Gig Harbor, 98335, Washington, United States"
POINT (-124.1620285 47.0116922),"Point Brown Avenue Northeast, 98569, Ocean Shores, Washington, United States"
POINT EMPTY,
POINT (-122.4764342 47.2148227),"South Cedar Street, 98409, Tacoma, Washington, United States"
POINT (-122.45258467508941 47.2344514),"Tacoma Medical Clinic, 1112, South Cushman Avenue, 98409, South Cushman Avenue, Tacoma, WA, United States"
POINT (-122.34609721401114 47.75010585),"ICHS Medical and Dental Clinic, 16549, Aurora Avenue North, 98133, Aurora Avenue North, Shoreline, WA, United States"
POINT (-122.30955931138645 47.613673750000004),"Seattle World School, 1700, East Union Street, 98122, East Union Street, Seattle, WA, United States"
POINT (-122.3761794 47.5796799),"3562, Southwest Admiral Way, 98126, Southwest Admiral Way, Seattle, Washington, United States"
POINT (-122.33265283360188 47.53700045),"7272, West Marginal Way South, 98108, West Marginal Way South, Seattle, Washington, United States"
POINT (-122.33697040702705 47.60811665),"Benaroya Hall, 200, University Street, 98101, University Street, Seattle, WA, United States"
POINT (-122.295682 47.719016),"North Public Health Dental Clinic, 12359, Lake City Way Northeast, 98125, Lake City Way Northeast, Seattle, Washington, United States"
POINT EMPTY,
POINT (-122.35314755 47.70573625),"10521, Dayton Avenue North, 98133, Dayton Avenue North, Seattle, WA, United States"
POINT (-122.36638769939715 47.530170049999995),"Chief Sealth International High School, 2600, Southwest Thistle Street, 98126, Southwest Thistle Street, Seattle, WA, United States"
POINT (-122.34868037566318 47.525629249999994),"1012, Southwest Trenton Street, 98106, Southwest Trenton Street, Seattle, Washington, United States"
POINT (-122.355705 47.6838383),"7519, Greenwood Avenue North, 98103, Greenwood Avenue North, Seattle, WA, United States"
POINT (-122.38503739339441 47.57645905),"West Seattle High School, 42nd Avenue Southwest, 98116, 42nd Avenue Southwest, Seattle, Washington, United States"
POINT (-122.3426489 47.6105584),"1930, Post Alley, 98101, Post Alley, Seattle, Washington, United States"
POINT (-122.32989469173526 47.656096000000005),"4016, Sunnyside Avenue North, 98103, Sunnyside Avenue North, Seattle, WA, United States"
POINT EMPTY,
POINT EMPTY,
POINT (-122.39660791995259 47.572588800000005),"5000, Southwest Spokane Street, 98116, Southwest Spokane Street, Seattle, Washington, United States"
POINT (-122.3852691 47.5769745),"3000, California Avenue Southwest, 98116, California Avenue Southwest, Seattle, WA, United States"
POINT (-122.33697040702705 47.60811665),"Benaroya Hall, 200, University Street, 98101, University Street, Seattle, WA, United States"
POINT (-122.34616401437908 47.6151561),"2333, 3rd Avenue, 98121, 3rd Avenue, Seattle, WA, United States"
POINT EMPTY,
POINT (-122.3469055 47.4708726),"Ambaum Blvd SW & SW 148th St, Ambaum Boulevard Southwest, 98166, Ambaum Boulevard Southwest, Burien, WA, United States"
POINT (-122.31869018067482 47.52395285),"1040, South Henderson Street, 98108, South Henderson Street, Seattle, Washington, United States"
POINT (-122.31560600849656 47.51651455),"9635, Des Moines Memorial Drive South, 98108, Des Moines Memorial Drive South, Seattle, Washington, United States"
POINT (-122.33392258125001 47.60185765),"Pioneer Square Pergola, 100, Yesler Way, 98104, Yesler Way, Seattle, WA, United States"
POINT (-122.2919986 47.722238),"Seattle Indian Health Board Lake City Clinic, 12736, 33rd Avenue Northeast, 98125, 33rd Avenue Northeast, Seattle, Washington, United States"
POINT (-122.31052907434899 47.661443950000006),"4504, 16th Avenue Northeast, 98105, 16th Avenue Northeast, Seattle, WA, United States"
POINT (-122.3272846 47.7101279),"200, Northeast 112th Street, 98125, Northeast 112th Street, Seattle, Washington, United States"
POINT (-120.30895419806816 47.41712015),"Wenatchee Community Center, 504, South Chelan Avenue, 98801, South Chelan Avenue, Wenatchee, WA, United States"
POINT (-119.988336 47.8400918),"CVCH Chelan Medical, Dental, & Behavioral, 105, South Apple Blossom Drive, 98816, South Apple Blossom Drive, Chelan, WA, United States"
POINT (-120.0200147 47.8350333),"Chelan Senior High School, 215, West Webster Avenue, 98816, West Webster Avenue, Chelan, WA, United States"
POINT (-120.293126 47.4156824),"East Wenatchee, 98802, Washington, United States"
POINT (-120.3692091 47.4276905),"600, Sage Hills Drive, 98801, Sage Hills Drive, Wenatchee, Washington, United States"
POINT (-120.3279816743968 47.4593242),"Wenatchee Confluence State Park, Apple Capital Recreation Loop Trail, 98801, Apple Capital Recreation Loop Trail, Wenatchee, Washington, United States"
POINT (-120.33461921657099 47.46736705),"145, Easy Street, 98801, Easy Street, Wenatchee, WA, United States"
POINT (-120.3082905 47.4119831),"Methow Street, 98801, Wenatchee, Washington, United States"
POINT (-120.1531850144057 47.89000905),"Manson Elementary School, 950, Totem Pole Road, 98831, Totem Pole Road, Manson, Washington, United States"
POINT (-120.15291346334557 47.892167400000005),"Manson Junior-Senior High School, 1000, Totem Pole Road, 98831, Totem Pole Road, Manson, Washington, United States"
POINT (-120.3553118 47.4260566),"Orchard Avenue, 98801, Wenatchee, Washington, United States"
POINT (-120.3720269 47.3158321),"2800, Mission Ridge Road, 98801, Mission Ridge Road, Wenatchee, Washington, United States"
POINT EMPTY,
POINT (-120.5485804 46.9842025),"West Mountain View Avenue, 98926, Ellensburg, Washington, United States"
POINT (-122.30439488602129 47.6013064),"Central Area Health Care Center, 2101, East Yesler Way, 98122, East Yesler Way, Seattle, WA, United States"
POINT (-122.300321 47.6080867),"E Cherry St & 24th Ave, 2410, East Cherry Street, 98122, East Cherry Street, Seattle, WA, United States"
POINT (-122.3071791 47.6004159),"201, 20th Avenue South, 98144, 20th Avenue South, Seattle, WA, United States"
POINT (-122.18120565000001 47.48290955),"102, Glennwood Place Southeast, 98056, Glennwood Place Southeast, Renton, Washington, United States"
POINT (-122.2274771 47.3089196),"126, Auburn Avenue, 98002, Auburn Avenue, Auburn, Washington, United States"
POINT (-122.22242035620276 47.31711845),"HealthPoint Auburn North, 923, Auburn Way North, 98002, Auburn Way North, Auburn, Washington, United States"
POINT (-122.2362208269152 47.3818537),"Meeker Street Emporium, 403, West Meeker Street, 98032, West Meeker Street, Kent, WA, United States"
POINT (-122.2294809 47.3830235),"219, North State Avenue, 98032, North State Avenue, Kent, Washington, United States"
POINT (-122.30621117041557 47.36520745),"HealthPoint, 26401, Pacific Highway South, 98198, Pacific Highway South, Des Moines, WA, United States"
POINT (-122.2901683 47.4219261),"South 201st Street, 98188, SeaTac, Washington, United States"
POINT EMPTY,
POINT (-122.2491741 47.4575784),"200, Andover Park East, 98188, Andover Park East, Tukwila, Washington, United States"
POINT (-122.21879040461326 47.33091455),"2704, I Street Northeast, 98002, I Street Northeast, Auburn, Washington, United States"
POINT (-122.2972612 47.5707791),"3639, Martin Luther King Junior Way South, 98144, Martin Luther King Junior Way South, Seattle, Washington, United States"
POINT (-122.28404363128104 47.53682755),"3815, South Othello Street, 98118, South Othello Street, Seattle, WA, United States"
POINT (-122.3281142 47.5971312),"Downtown Seattle Transit Tunnel, South Lane Street, 98104, South Lane Street, Seattle, Washington, United States"
POINT (-122.2208498 47.2973747),"South Auburn, 98002, Auburn, Washington, United States"
POINT (-122.14980895784299 47.5812789),"Eastgate Public Health Center, 143rd Avenue Southeast, 99007, 143rd Avenue Southeast, Bellevue, Washington, United States"
POINT EMPTY,
POINT (-122.33156275066185 47.61175385),"Seattle Convention Center Arch at 800 Pike, 800, Convention Place, 98101, Convention Place, Seattle, Washington, United States"
POINT (-122.2678455327144 47.5252785),"Rainier Beach High School, 8815, Seward Park Avenue South, 98118, Seward Park Avenue South, Seattle, Washington, United States"
POINT (-122.32381704691903 47.6053913),"Ninth & Jefferson Building, 908, Jefferson Street, 98104, Jefferson Street, Seattle, Washington, United States"
POINT (-122.22907608270076 47.3965806),"COVID-19 Isolation and Quarantine Facility, 1233, Central Avenue North, 98032, Central Avenue North, Kent, Washington, United States"
POINT (-122.31565099969008 47.6011606),"1301, East Yesler Way, 98122, East Yesler Way, Seattle, Washington, United States"
POINT (-122.29605484893456 47.5522762),"2820, South Orcas Street, 98108, South Orcas Street, Seattle, Washington, United States"
POINT (-122.3120812 47.5641346),"1600, South Columbian Way, 98108, South Columbian Way, Seattle, Washington, United States"
POINT (-122.32853854452962 47.59866675),"Union Station, 401, South Jackson Street, 98104, South Jackson Street, Seattle, Washington, United States"
POINT (-122.2693467 47.5195022),"9245, Rainier Avenue South, 98118, Rainier Avenue South, Seattle, Washington, United States"
POINT (-122.28880660239311 47.5290651),"8311, Beacon Avenue South, 98118, Beacon Avenue South, Seattle, Washington, United States"
POINT (-122.2297711917686 47.3235588),"Comfort Inn - Auburn, 1, 16th Street Northeast, 98002, 16th Street Northeast, Auburn, WA, United States"
POINT (-122.27182502576127 47.3346945),"4939, South 298th Street, 98001, South 298th Street, Auburn, Washington, United States"
POINT (-122.2254565 47.3805697),"220, Kensington Avenue South, 98030, Kensington Avenue South, Kent, Washington, United States"
POINT (-122.25268518580384 47.462844849999996),"6450, Southcenter Boulevard, 98188, Southcenter Boulevard, Tukwila, Washington, United States"
POINT EMPTY,
POINT EMPTY,
POINT (-122.4350128802328 47.225167299999995),"3629, South D Street, 98408, South D Street, Tacoma, WA, United States"
POINT (-122.9023231 47.0447342),"New Moon Cafe, 4th Avenue West, 98504, 4th Avenue West, Olympia, WA, United States"
POINT (-122.8410537 47.0471363),"Valley View Health Center Olympia, 3775, Martin Way East, 98506, Martin Way East, Olympia, Washington, United States"
POINT (-122.8991069 47.0452701),"Bar Francis, 110, Franklin Street Northeast, 98501, Franklin Street Northeast, Olympia, WA, United States"
POINT (-122.825736 47.0402489),"Woodland Square Loop Southeast, 98503, Lacey, Washington, United States"
POINT (-122.5059499 47.1621803),"Bridgeport Way Apartments, 98499, Lakewood, Washington, United States"
POINT EMPTY,
POINT EMPTY,
POINT EMPTY,
POINT EMPTY,
POINT EMPTY,
POINT (-122.907908 46.9875815),"Capitol and Dennis [sb], Capitol Blvd SE, 98512, Capitol Blvd SE, TUMWATER, WA, United States"
POINT EMPTY,
POINT EMPTY,
POINT EMPTY,
POINT EMPTY,
POINT EMPTY,
POINT (-75.3779552 37.9338468),"Chincoteague Island Community Health Center, 4049, Main Street, 23336, Main Street, Chincoteague, VA, United States"
POINT EMPTY,
POINT (-75.9674972 37.1375688),"Cape Charles / Chesapeake Bay KOA Resort, 32246 Charles M Lankford Jr Memorial Hwy, 23310, 32246 Charles M Lankford Jr Memorial Hwy, Cape Charles, VA, United States"
POINT EMPTY,
POINT EMPTY,
POINT EMPTY,
POINT EMPTY,
POINT EMPTY,
POINT EMPTY,
POINT (-76.904167 36.9004025),"Ivor Dental Center, 8579, Ivor Road, 23866, Ivor Road, Ivor, VA, United States"
POINT (-76.90390741823899 36.900776),"Ivor Medical Center, 8575, Ivor Road, 23866, Ivor Road, Ivor, VA, United States"
POINT (-76.95384 36.668108),"Arby's, Armory Drive, 23851, Armory Drive, Franklin, VA, United States"
POINT (-76.5432221 36.7561912),"157, Declaration Lane, 23434, Declaration Lane, Suffolk, VA, United States"
POINT EMPTY,
POINT EMPTY,
POINT EMPTY,
POINT EMPTY,
POINT (-76.42407703610029 36.998076850000004),"4714, Marshall Avenue, 23607, Marshall Avenue, Newport News, VA, United States"
POINT (-76.27517311412993 36.82240435),"Chesapeake Health Clinic, 490, Liberty Street, 23324, Liberty Street, Chesapeake, VA, United States"
POINT (-76.44923100833623 37.0134118),"Four Oaks Day Service Center, 7401, Warwick Boulevard, 23607, Warwick Boulevard, Newport News, VA, United States"
POINT EMPTY,
POINT EMPTY,
POINT EMPTY,
POINT (-76.36616103264055 36.863378100000006),"4818, Mallard Crescent, 23703, Mallard Crescent, Portsmouth, VA, United States"
POINT (-76.36616103264055 36.863378100000006),"4818, Mallard Crescent, 23703, Mallard Crescent, Portsmouth, VA, United States"
POINT (-76.24956536037779 36.91151855),"7447, Central Business Park Drive, 23513, Central Business Park Drive, Norfolk, Virginia, United States"
POINT (-76.1923288 36.9283779),"9581, Shore Drive, 23518, Shore Drive, Norfolk, VA, United States"
POINT (-76.2918606 36.847049),"Details on Granby, Granby Street, 23504, Granby Street, Norfolk, VA, United States"
POINT (-76.3489596 36.79449),"Lincoln Gardens, 23702, Portsmouth, Virginia, United States"
POINT (-77.31537833297358 37.289837250000005),"400, South Mesa Drive, 23860, South Mesa Drive, Hopewell City, VA, United States"
POINT (-77.39892749479202 37.185796350000004),"Petersburg High School, 3101, Johnson Road, 23805, Johnson Road, Petersburg, VA, United States"
POINT (-77.39984161598821 37.219349),"541, South Sycamore Street, 23803, South Sycamore Street, Petersburg, Virginia, United States"
POINT EMPTY,
POINT EMPTY,
POINT (-77.39335801542387 37.2310266),"Motel 6 Petersburg, VA - Fort Lee, 25, North Little Church Street, 23803, North Little Church Street, Petersburg, VA, United States"
POINT (-77.288033 37.2204272),"Prince George, 23875, Virginia, United States"
POINT (-77.36279270720273 37.189788),"321, Poplar Drive, 23805, Poplar Drive, Petersburg, Virginia, United States"
POINT (-77.45070336673759 37.5135568),"2220, Stockton Street, 23224, Stockton Street, Richmond, VA, United States"
POINT (-77.4474767 37.5474611),"511, West Grace Street, 23220, West Grace Street, Richmond City, VA, United States"
POINT (-77.4477431 37.5476187),"517, West Grace Street, 23220, West Grace Street, Richmond City, VA, United States"
POINT (-77.4477431 37.5476187),"517, West Grace Street, 23220, West Grace Street, Richmond City, VA, United States"
POINT EMPTY,
POINT (-77.43686116313901 37.5259112),"The Paper Company, Hull Street, 23224, Hull Street, Richmond City, VA, United States"
POINT (-77.43424066747971 37.51703809999999),"700, Dinwiddie Avenue, 23224, Dinwiddie Avenue, Richmond City, VA, United States"
POINT EMPTY,
POINT EMPTY,
POINT (-77.09626537795263 37.036043750000005),"HHS Waverly Medical Center, 344, West Main Street, 23890, West Main Street, Waverly, VA, United States"
POINT EMPTY,
POINT EMPTY,
POINT (-77.40455886040479 37.54319735),"1711, North 27th Street, 23223, North 27th Street, Richmond City, VA, United States"
POINT (-77.4297666255772 37.57148515),"206, East Brookland Park Boulevard, 23222, East Brookland Park Boulevard, Richmond, VA, United States"
POINT (-77.43858694107229 37.56934035),"2809, Edgewood Avenue, 23222, Edgewood Avenue, Richmond, VA, United States"
POINT (-77.43563284999999 37.52592645),"The Richmond Railroad Museum, 102, Hull Street, 23224, Hull Street, Richmond City, VA, United States"
POINT (-77.5834802 37.0820517),"13855, Courthouse Road, 23841, Courthouse Road, Dinwiddie, VA, United States"
POINT (-77.5369305 36.6957016),"QT Vape, North Main Street, 23847, North Main Street, Emporia, VA, United States"
POINT (-77.4001881 36.9473693),"Stony Creek Volunteer Fire Department, Hartley Street, 23882, Hartley Street, Stony Creek, VA, United States"
POINT (-78.93394124498995 37.70677035),"Blue Ridge Medical Center, 4038, Thomas Nelson Highway, 22922, Thomas Nelson Highway, Arrington, VA, United States"
POINT (-79.0646287 37.5634914),"Hardee's, South Main Street, 24521, South Main Street, Amherst, VA, United States"
POINT (-78.8320212 37.3629947),"Central Va Family Practice, Jones Street, 24522, Jones Street, Appomattox, Virginia, United States"
POINT EMPTY,
POINT (-78.93394124498995 37.70677035),"Blue Ridge Medical Center, 4038, Thomas Nelson Highway, 22922, Thomas Nelson Highway, Arrington, VA, United States"
POINT (-78.93394124498995 37.70677035),"Blue Ridge Medical Center, 4038, Thomas Nelson Highway, 22922, Thomas Nelson Highway, Arrington, VA, United States"
POINT EMPTY,
POINT EMPTY,
POINT EMPTY,
POINT EMPTY,
POINT EMPTY,
POINT (-78.63643303165755 37.0545242),"CVHS - Charlotte, 165, Legrande Avenue, 23923, Legrande Avenue, Charlotte Court House, VA, United States"
POINT (-78.47894294293873 38.031991399999995),"Temple Beth Israel, 301, East Jefferson Street, 22902, East Jefferson Street, Charlottesville, VA, United States"
POINT (-78.4917906 38.0314369),"Charlottesville, West Main Street, 22908, West Main Street, Charlottesville, VA, United States"
POINT (-78.3973498 37.2851225),"Video2000, S Main St, 23901, S Main St, Farmville, VA, United States"
POINT EMPTY,
POINT (-78.47871255 38.02173745),"800, Blenheim Avenue, 22903, Blenheim Avenue, Charlottesville, VA, United States"
POINT EMPTY,
POINT EMPTY,
POINT EMPTY,
POINT EMPTY,
POINT (-79.1513905 37.4163385),"320, Federal Street, 24504, Federal Street, Lynchburg, VA, United States"
POINT (-79.17489915 37.4087947),"2402, Atherholt Road, 24501, Atherholt Road, Lynchburg, VA, United States"
POINT EMPTY,
POINT EMPTY,
POINT (-79.09840325867432 37.27735345),"Rustburg Community Health Center, 925, Village Hwy, 24588, Village Hwy, Rustburg, VA, United States"
POINT (-79.3980806 36.8265276),"Pittsylvania County Courthouse, South Main Street, 24531, South Main Street, Chatham, VA, United States"
POINT (-79.3538766 36.5824532),"Pilot, 110, Riverpoint Drive, 24541, Riverpoint Drive, Danville, VA, United States"
POINT (-78.38783538344408 36.66682845),"380, Washington Street, 23917, Washington Street, Boydton, VA, United States"
POINT (-79.39464470255214 36.58715105),"Danville House, Main Street, 24541, Main Street, Danville, VA, United States"
POINT EMPTY,
POINT (-79.15215501583077 37.403718999999995),"Anne Spencer House, 1313, Pierce Street, 24501, Pierce Street, Lynchburg, VA, United States"
POINT EMPTY,
POINT (-79.39764586037936 36.617728),"GLH Johnson Elementary School, 680, Arnett Boulevard, 24540, Arnett Boulevard, Danville, VA, United States"
POINT (-79.39464470255214 36.58715105),"Danville House, Main Street, 24541, Main Street, Danville, VA, United States"
POINT EMPTY,
POINT EMPTY,
POINT EMPTY,
POINT (-78.2669956 36.9616997),"Lunenburg County Health Clinic, 1508, K-V Road, 23974, K-V Road, Victoria, VA, United States"
POINT EMPTY,
POINT (-79.1474171 37.3920844),"2620, Campbell Avenue, 24501, Campbell Avenue, Lynchburg, VA, United States"
POINT (-79.17529074942617 37.417857299999994),"1927, Thomson Drive, 24501, Thomson Drive, Lynchburg, VA, United States"
POINT EMPTY,
POINT (-78.8407337 38.4231486),"Virginia ABC, Evelyn Byrd Avenue, 22801, Evelyn Byrd Avenue, Harrisonburg, VA, United States"
POINT (-78.8723608911755 38.44077215),"Madison Hall, 100, East Grace Street, 22801, East Grace Street, Harrisonburg, VA, United States"
POINT EMPTY,
POINT EMPTY,
POINT (-79.99794015689803 37.2938606),"New Horizons Healthcare, 3716, Melrose Avenue Northwest, 24017, Melrose Avenue Northwest, Roanoke, Virginia, United States"
POINT (-79.9647147 37.3069966),"Valley View Blvd Northwest, 24012, Roanoke, Virginia, United States"
POINT EMPTY,
POINT (-79.35439054983824 37.7348739),"Becky's Bridal & Formal, 2127, Magnolia Avenue, 24416, Magnolia Avenue, Buena Vista, VA, United States"
POINT (-79.35158399807975 37.7412048),"Magnolia Hall, Magnolia Avenue, 24416, Magnolia Avenue, Buena Vista, VA, United States"
POINT (-79.40496678826085 37.803677199999996),"Rockbridge Area Health Center, 25, Northridge Lane, 24450, Northridge Lane, Lexington, VA, United States"
POINT EMPTY,
POINT (-78.17313987320227 39.18641065),"Southern States, Amherst Street, 22601, Amherst Street, Winchester, VA, United States"
POINT (-77.3516704 38.0476135),"200, Milford Street, 22427, Milford Street, Bowling Green, VA, United States"
POINT (-77.3409019 38.023284),"Caroline County Health Department, 17202, Richmond Turnpike, 22514, Richmond Turnpike, Milford, VA, United States"
POINT (-77.45618098736222 38.300057699999996),"100, Wolfe Street, 22401, Wolfe Street, Fredericksburg, VA, United States"
POINT EMPTY,
POINT (-77.25659196899551 38.6802482),"102, Poplar Lane, 22125, Poplar Lane, Woodbridge, VA, United States"
POINT (-77.0907297 38.8805928),"N Pershing Dr & Washington Blvd, North Pershing Drive, 22203, North Pershing Drive, Arlington, VA, United States"
POINT (-77.05745797895155 38.8356408),"Neighborhood Health, 2, East Glebe Road, 22305, East Glebe Road, Alexandria, VA, United States"
POINT (-77.04450749050218 38.8122878),"720, North Saint Asaph Street, 22314, North Saint Asaph Street, Alexandria, VA, United States"
POINT EMPTY,
POINT EMPTY,
POINT (-77.0907297 38.8805928),"N Pershing Dr & Washington Blvd, North Pershing Drive, 22203, North Pershing Drive, Arlington, VA, United States"
POINT (-77.06165409174454 38.8256689),"Judy Lowe Neighborhood Park, 1, East Del Ray Avenue, 22301, East Del Ray Avenue, Alexandria, VA, United States"
POINT (-77.0852598 38.7441885),"Walker's House Of Hair Inc, 7860 Richmond Hwy, 22306, 7860 Richmond Hwy, Alexandria, VA, United States"
POINT (-77.05957241870966 38.825469049999995),"106, East Custis Avenue, 22301, East Custis Avenue, Alexandria, VA, United States"
POINT (-77.12608046608317 38.81698535),"Claridge House of Alexandria, 301, North Ripley Street, 22304, North Ripley Street, Alexandria, VA, United States"
POINT (-77.1046297 38.821718),"Alexandria Health Clinic, 1200, North Howard Street, 22304, North Howard Street, Alexandria, VA, United States"
POINT EMPTY,
POINT (-77.05745797895155 38.8356408),"Neighborhood Health, 2, East Glebe Road, 22305, East Glebe Road, Alexandria, VA, United States"
POINT (-77.07305039741837 38.816210850000004),"Alexandria Memory Care, King Street, 22332, King Street, Alexandria, VA, United States"
POINT EMPTY,
POINT EMPTY,
POINT EMPTY,
POINT EMPTY,
POINT EMPTY,
POINT EMPTY,
POINT EMPTY,
POINT (-80.4084265 37.1293682),"Mockingbird Cafe & Bakery, 4, West Main Street, 24073, West Main Street, Christiansburg, VA, United States"
POINT EMPTY,
POINT EMPTY,
POINT (-80.43294997625343 37.1654598),"215, Patriot Way, 24073, Patriot Way, Christiansburg, VA, United States"
POINT EMPTY,
POINT (-79.5295899 37.3382797),"Bedford Health Department, 600, Bedford Avenue, 24523, Bedford Avenue, Bedford, VA, United States"
POINT (-79.5327637 37.3374095),"Bedford Health Center, 582, Blue Ridge Avenue, 24523, Blue Ridge Avenue, Bedford, Virginia, United States"
POINT EMPTY,
POINT EMPTY,
POINT EMPTY,
POINT EMPTY,
POINT EMPTY,
POINT EMPTY,
POINT EMPTY,
POINT EMPTY,
POINT (-79.875 36.6913889),"Martinsville Fire Department and Emergency Medical Service, West Church Street, 24112, West Church Street, Martinsville, VA, United States"
POINT EMPTY,
POINT (-81.557759 36.846985),"Spring Valley Road, 24354, Marion, Virginia, United States"
POINT (-81.8609972 36.7609988),"Meadowview Farmers Guild, Meadowview Square, 24361, Meadowview Square, VA, United States"
POINT EMPTY,
POINT EMPTY,
POINT EMPTY,
POINT EMPTY,
POINT EMPTY,
POINT EMPTY,
POINT EMPTY,
POINT (-82.18047108919394 36.614041900000004),"Virginia High School, 650, Long Crescent Drive, 24201, Long Crescent Drive, Bristol, VA, United States"
POINT EMPTY,
POINT EMPTY,
POINT EMPTY,
POINT (-81.788434 36.635377),"North Shady Avenue, 24236, Damascus, Virginia, United States"
POINT EMPTY,
POINT EMPTY,
POINT EMPTY,
POINT (-83.0552526 36.8072955),"Saint Charles Methodist Church, Monarch Road, 24282, Monarch Road, Virginia, United States"
POINT EMPTY,
POINT EMPTY,
POINT EMPTY,
POINT EMPTY,
POINT EMPTY,
POINT EMPTY,
POINT EMPTY,
POINT EMPTY,
POINT EMPTY,
POINT (-80.50868391004974 36.717778800000005),"Tri-Area Community Pharmacy at Laurel Fork, 14558, Danville Pike, 24352, Danville Pike, Laurel Fork, VA, United States"
POINT (-77.4728139 38.7501372),"Manassas, West Street, 20110, West Street, Manassas, VA, United States"
POINT (-77.472276589113 38.74097755),"Georgetown South Community Center, 9444, Taney Road, 20110, Taney Road, Manassas, VA, United States"
POINT (-77.54072747751462 39.1088307),"163, Fort Evans Road Northeast, 20176, Fort Evans Road Northeast, Leesburg, VA, United States"
POINT (-77.40306706327249 39.002500749999996),"105, North Sterling Boulevard, 20164, North Sterling Boulevard, Sterling, VA, United States"
POINT EMPTY,
POINT (-77.3722045 38.967549),"Bagel Cafe, 300, Elden Street, 20170, Elden Street, Herndon, VA, United States"
POINT (-77.3421099 38.9691262),"North Shore Dr & Washington Plz W, North Shore Drive, 20190, North Shore Drive, Reston, VA, United States"
POINT (-77.3292873577511 38.83813165),"4512, Andes Drive, 22030, Andes Drive, Fairfax, Virginia, United States"
POINT (-77.2282972 38.8630353),"Willow Oaks Corporate Drive, 22037, Annandale, Virginia, United States"
POINT (-121.558175 39.514143),"Lincoln Street, 95965, Oroville, California, United States"
POINT (-122.059973 39.0183506),"Putnam Way, 95912, California, United States"
POINT (-121.8717593 39.7505162),"West East Avenue, 95926, Chico, California, United States"
